{"intercept":[11.3967401068],"coef":[[-3.5585027832]],"features":["entropy"]}